cod_dpto,dpto,departamento_limpio,anio,total_casos,casos_femenino,casos_masculino,casos_adultos,casos_menores,ipm_total
91,AMAZONAS,AMAZONAS,2010,101,76,24,101,0,
91,AMAZONAS,AMAZONAS,2011,217,194,23,210,3,
91,AMAZONAS,AMAZONAS,2012,169,139,30,162,3,
91,AMAZONAS,AMAZONAS,2013,233,188,45,218,8,
91,AMAZONAS,AMAZONAS,2014,129,96,33,123,2,
91,AMAZONAS,AMAZONAS,2015,189,139,50,174,4,
91,AMAZONAS,AMAZONAS,2016,88,77,11,86,0,
91,AMAZONAS,AMAZONAS,2017,108,82,26,99,4,
91,AMAZONAS,AMAZONAS,2018,142,113,29,125,7,35.4
91,AMAZONAS,AMAZONAS,2019,137,108,29,126,9,35.6
91,AMAZONAS,AMAZONAS,2020,93,76,17,87,2,39.0
91,AMAZONAS,AMAZONAS,2021,62,52,10,53,0,25.7
91,AMAZONAS,AMAZONAS,2022,38,31,7,32,2,27.9
91,AMAZONAS,AMAZONAS,2023,63,43,20,53,5,25.4
91,AMAZONAS,AMAZONAS,2024,50,40,10,48,0,15.6
91,AMAZONAS,AMAZONAS,2025,56,36,20,51,2,
05,ANTIOQUIA,ANTIOQUIA,2010,742,569,172,682,9,
05,ANTIOQUIA,ANTIOQUIA,2011,897,708,186,816,10,
05,ANTIOQUIA,ANTIOQUIA,2012,1418,1121,294,1300,18,
05,ANTIOQUIA,ANTIOQUIA,2013,1649,1300,345,1515,12,
05,ANTIOQUIA,ANTIOQUIA,2014,5239,4378,861,4994,25,
05,ANTIOQUIA,ANTIOQUIA,2015,10737,8849,1888,10145,97,
05,ANTIOQUIA,ANTIOQUIA,2016,13281,10855,2426,12518,204,
05,ANTIOQUIA,ANTIOQUIA,2017,11570,9443,2125,11050,147,
05,ANTIOQUIA,ANTIOQUIA,2018,13484,10871,2607,12858,184,15.3
05,ANTIOQUIA,ANTIOQUIA,2019,16888,13458,3430,15998,388,15.7
05,ANTIOQUIA,ANTIOQUIA,2020,16453,13305,3148,15490,431,14.9
05,ANTIOQUIA,ANTIOQUIA,2021,17957,13411,4543,17145,392,14.3
05,ANTIOQUIA,ANTIOQUIA,2022,15422,11256,4144,14669,363,10.7
05,ANTIOQUIA,ANTIOQUIA,2023,16923,12547,4293,16040,443,9.5
05,ANTIOQUIA,ANTIOQUIA,2024,19469,14872,4443,18195,644,10.9
05,ANTIOQUIA,ANTIOQUIA,2025,16344,12462,3780,15307,540,
81,ARAUCA,ARAUCA,2010,148,112,36,144,2,
81,ARAUCA,ARAUCA,2011,228,181,46,219,2,
81,ARAUCA,ARAUCA,2012,308,255,52,289,11,
81,ARAUCA,ARAUCA,2013,289,241,47,276,3,
81,ARAUCA,ARAUCA,2014,427,369,58,419,1,
81,ARAUCA,ARAUCA,2015,381,334,47,361,5,
81,ARAUCA,ARAUCA,2016,764,649,115,744,4,
81,ARAUCA,ARAUCA,2017,572,470,102,561,3,
81,ARAUCA,ARAUCA,2018,365,294,71,345,7,27.6
81,ARAUCA,ARAUCA,2019,382,320,62,362,11,23.3
81,ARAUCA,ARAUCA,2020,403,317,86,370,21,26.1
81,ARAUCA,ARAUCA,2021,360,295,60,336,6,26.8
81,ARAUCA,ARAUCA,2022,234,180,52,223,1,22.6
81,ARAUCA,ARAUCA,2023,165,132,29,154,2,22.8
81,ARAUCA,ARAUCA,2024,218,172,44,211,1,17.7
81,ARAUCA,ARAUCA,2025,299,240,42,268,7,
08,ATLÁNTICO,ATLANTICO,2010,811,676,135,792,4,
08,ATLÁNTICO,ATLANTICO,2011,1442,1191,251,1398,10,
08,ATLÁNTICO,ATLANTICO,2012,1767,1511,254,1719,10,
08,ATLÁNTICO,ATLANTICO,2013,2115,1732,382,2035,15,
08,ATLÁNTICO,ATLANTICO,2014,2009,1720,289,1935,26,
08,ATLÁNTICO,ATLANTICO,2015,3122,2685,437,3026,25,
08,ATLÁNTICO,ATLANTICO,2016,3142,2714,428,3026,42,
08,ATLÁNTICO,ATLANTICO,2017,2703,2315,388,2603,22,
08,ATLÁNTICO,ATLANTICO,2018,2627,2157,470,2537,47,21.1
08,ATLÁNTICO,ATLANTICO,2019,3161,2505,655,2936,124,14.9
08,ATLÁNTICO,ATLANTICO,2020,2862,2182,680,2691,109,14.1
08,ATLÁNTICO,ATLANTICO,2021,3668,2833,834,3531,57,15.5
08,ATLÁNTICO,ATLANTICO,2022,4210,3318,882,4043,86,10.2
08,ATLÁNTICO,ATLANTICO,2023,4453,3326,1115,4306,74,12.0
08,ATLÁNTICO,ATLANTICO,2024,4610,3213,1373,4413,80,9.5
08,ATLÁNTICO,ATLANTICO,2025,4600,3076,1502,4410,88,
13,BOLÍVAR,BOLIVAR,2010,649,473,167,617,4,
13,BOLÍVAR,BOLIVAR,2011,716,497,217,680,8,
13,BOLÍVAR,BOLIVAR,2012,930,676,254,882,9,
13,BOLÍVAR,BOLIVAR,2013,785,597,186,740,13,
13,BOLÍVAR,BOLIVAR,2014,1011,791,220,959,16,
13,BOLÍVAR,BOLIVAR,2015,2584,2196,388,2540,7,
13,BOLÍVAR,BOLIVAR,2016,3123,2651,472,3067,13,
13,BOLÍVAR,BOLIVAR,2017,3166,2713,453,3124,9,
13,BOLÍVAR,BOLIVAR,2018,2594,2092,497,2530,23,31.9
13,BOLÍVAR,BOLIVAR,2019,3397,2744,651,3234,73,26.9
13,BOLÍVAR,BOLIVAR,2020,3180,2472,708,3048,57,28.1
13,BOLÍVAR,BOLIVAR,2021,3814,3054,750,3683,64,26.8
13,BOLÍVAR,BOLIVAR,2022,3682,2847,834,3533,46,19.4
13,BOLÍVAR,BOLIVAR,2023,4600,3364,1217,4450,82,18.4
13,BOLÍVAR,BOLIVAR,2024,4980,3988,987,4841,50,15.6
13,BOLÍVAR,BOLIVAR,2025,3868,3089,757,3721,57,
15,BOYACÁ,BOYACA,2010,2024,1684,339,1877,52,
15,BOYACÁ,BOYACA,2011,1994,1682,310,1864,42,
15,BOYACÁ,BOYACA,2012,2119,1678,436,1968,50,
15,BOYACÁ,BOYACA,2013,1980,1619,357,1827,48,
15,BOYACÁ,BOYACA,2014,2204,1807,397,2100,19,
15,BOYACÁ,BOYACA,2015,2782,2311,469,2670,53,
15,BOYACÁ,BOYACA,2016,4016,3476,540,3865,55,
15,BOYACÁ,BOYACA,2017,3977,3397,580,3781,88,
15,BOYACÁ,BOYACA,2018,3467,2928,539,3299,73,16.5
15,BOYACÁ,BOYACA,2019,3652,3039,613,3470,100,12.8
15,BOYACÁ,BOYACA,2020,4178,3302,875,3929,132,11.7
15,BOYACÁ,BOYACA,2021,4404,3508,895,4169,113,10.9
15,BOYACÁ,BOYACA,2022,3057,2439,618,2860,81,9.6
15,BOYACÁ,BOYACA,2023,4358,3056,1295,4083,167,9.9
15,BOYACÁ,BOYACA,2024,4509,3420,1078,4240,148,6.9
15,BOYACÁ,BOYACA,2025,4300,3271,1028,4038,132,
17,CALDAS,CALDAS,2010,386,322,64,355,17,
17,CALDAS,CALDAS,2011,414,338,76,390,3,
17,CALDAS,CALDAS,2012,500,426,74,453,16,
17,CALDAS,CALDAS,2013,478,399,79,446,9,
17,CALDAS,CALDAS,2014,579,475,104,543,14,
17,CALDAS,CALDAS,2015,894,762,131,835,16,
17,CALDAS,CALDAS,2016,1139,911,228,1061,35,
17,CALDAS,CALDAS,2017,1063,882,181,981,26,
17,CALDAS,CALDAS,2018,856,704,152,808,15,13.8
17,CALDAS,CALDAS,2019,1400,1109,291,1285,44,14.3
17,CALDAS,CALDAS,2020,1587,1265,322,1444,66,14.5
17,CALDAS,CALDAS,2021,1611,1276,334,1503,60,11.5
17,CALDAS,CALDAS,2022,1263,1011,252,1184,29,10.5
17,CALDAS,CALDAS,2023,1395,1093,299,1317,32,7.4
17,CALDAS,CALDAS,2024,1460,1120,337,1374,43,9.2
17,CALDAS,CALDAS,2025,1147,762,382,1067,25,
18,CAQUETÁ,CAQUETA,2010,506,412,94,475,5,
18,CAQUETÁ,CAQUETA,2011,404,347,57,350,14,
18,CAQUETÁ,CAQUETA,2012,629,536,93,561,24,
18,CAQUETÁ,CAQUETA,2013,250,222,28,238,2,
18,CAQUETÁ,CAQUETA,2014,413,363,50,396,2,
18,CAQUETÁ,CAQUETA,2015,613,540,72,592,1,
18,CAQUETÁ,CAQUETA,2016,633,559,74,585,17,
18,CAQUETÁ,CAQUETA,2017,540,467,73,496,19,
18,CAQUETÁ,CAQUETA,2018,531,440,91,485,30,26.9
18,CAQUETÁ,CAQUETA,2019,501,405,96,464,18,25.7
18,CAQUETÁ,CAQUETA,2020,577,484,93,528,26,26.1
18,CAQUETÁ,CAQUETA,2021,653,534,118,610,10,23.1
18,CAQUETÁ,CAQUETA,2022,405,349,56,368,18,19.6
18,CAQUETÁ,CAQUETA,2023,502,431,71,464,17,17.2
18,CAQUETÁ,CAQUETA,2024,492,420,72,450,23,13.9
18,CAQUETÁ,CAQUETA,2025,479,402,77,443,19,
85,CASANARE,CASANARE,2010,469,357,112,404,32,
85,CASANARE,CASANARE,2011,274,214,60,259,6,
85,CASANARE,CASANARE,2012,224,182,42,197,9,
85,CASANARE,CASANARE,2013,589,492,97,551,9,
85,CASANARE,CASANARE,2014,458,393,65,434,4,
85,CASANARE,CASANARE,2015,877,787,90,828,8,
85,CASANARE,CASANARE,2016,975,848,127,935,9,
85,CASANARE,CASANARE,2017,912,779,133,875,8,
85,CASANARE,CASANARE,2018,710,593,117,657,21,19.0
85,CASANARE,CASANARE,2019,705,582,123,635,39,18.3
85,CASANARE,CASANARE,2020,755,614,141,706,13,19.6
85,CASANARE,CASANARE,2021,855,724,129,819,15,19.5
85,CASANARE,CASANARE,2022,673,538,132,641,17,13.3
85,CASANARE,CASANARE,2023,893,651,239,860,17,15.0
85,CASANARE,CASANARE,2024,1018,764,246,972,16,11.3
85,CASANARE,CASANARE,2025,868,675,188,827,10,
19,CAUCA,CAUCA,2010,59,51,8,50,0,
19,CAUCA,CAUCA,2011,47,33,13,44,0,
19,CAUCA,CAUCA,2012,188,167,20,174,0,
19,CAUCA,CAUCA,2013,224,173,50,211,1,
19,CAUCA,CAUCA,2014,872,753,119,826,9,
19,CAUCA,CAUCA,2015,2263,1931,332,2136,19,
19,CAUCA,CAUCA,2016,3057,2538,519,2877,37,
19,CAUCA,CAUCA,2017,2828,2392,436,2689,32,
19,CAUCA,CAUCA,2018,2643,2134,508,2502,57,27.7
19,CAUCA,CAUCA,2019,3092,2499,588,2866,97,24.0
19,CAUCA,CAUCA,2020,2465,1981,484,2303,70,28.2
19,CAUCA,CAUCA,2021,2758,2131,626,2587,63,18.6
19,CAUCA,CAUCA,2022,2647,2099,548,2514,45,18.3
19,CAUCA,CAUCA,2023,2789,2196,585,2650,53,15.8
19,CAUCA,CAUCA,2024,2359,1925,432,2229,46,14.0
19,CAUCA,CAUCA,2025,1929,1543,384,1839,38,
20,CESAR,CESAR,2010,236,208,28,231,4,
20,CESAR,CESAR,2011,58,43,15,49,5,
20,CESAR,CESAR,2012,61,44,17,56,2,
20,CESAR,CESAR,2013,138,112,26,130,4,
20,CESAR,CESAR,2014,244,215,29,234,4,
20,CESAR,CESAR,2015,1419,1240,179,1362,19,
20,CESAR,CESAR,2016,881,739,142,852,4,
20,CESAR,CESAR,2017,1067,892,175,1024,18,
20,CESAR,CESAR,2018,1027,872,154,954,33,31.7
20,CESAR,CESAR,2019,1268,1044,224,1195,40,25.5
20,CESAR,CESAR,2020,1644,1333,311,1560,45,27.2
20,CESAR,CESAR,2021,2147,1766,381,2030,44,25.3
20,CESAR,CESAR,2022,2123,1725,397,1959,102,19.1
20,CESAR,CESAR,2023,1918,1577,341,1836,32,17.7
20,CESAR,CESAR,2024,2236,1825,403,2117,54,13.4
20,CESAR,CESAR,2025,1945,1472,458,1834,69,
27,CHOCÓ,CHOCO,2010,15,12,3,15,0,
27,CHOCÓ,CHOCO,2011,17,15,2,15,1,
27,CHOCÓ,CHOCO,2012,40,32,8,39,0,
27,CHOCÓ,CHOCO,2013,183,166,17,175,4,
27,CHOCÓ,CHOCO,2014,202,161,41,197,3,
27,CHOCÓ,CHOCO,2015,313,270,43,300,6,
27,CHOCÓ,CHOCO,2016,287,250,37,278,2,
27,CHOCÓ,CHOCO,2017,245,208,37,231,5,
27,CHOCÓ,CHOCO,2018,225,187,38,212,1,46.3
27,CHOCÓ,CHOCO,2019,254,217,37,242,3,42.3
27,CHOCÓ,CHOCO,2020,341,276,65,315,16,49.0
27,CHOCÓ,CHOCO,2021,321,260,61,312,7,36.0
27,CHOCÓ,CHOCO,2022,306,256,50,297,4,36.8
27,CHOCÓ,CHOCO,2023,349,279,69,326,14,37.4
27,CHOCÓ,CHOCO,2024,350,290,56,326,13,33.9
27,CHOCÓ,CHOCO,2025,387,316,65,361,12,
23,CÓRDOBA,CORDOBA,2010,105,67,38,98,1,
23,CÓRDOBA,CORDOBA,2011,189,125,63,177,3,
23,CÓRDOBA,CORDOBA,2012,368,249,119,346,5,
23,CÓRDOBA,CORDOBA,2013,210,145,65,203,3,
23,CÓRDOBA,CORDOBA,2014,667,542,125,641,2,
23,CÓRDOBA,CORDOBA,2015,1819,1575,244,1768,9,
23,CÓRDOBA,CORDOBA,2016,1967,1734,233,1902,13,
23,CÓRDOBA,CORDOBA,2017,1624,1377,246,1533,31,
23,CÓRDOBA,CORDOBA,2018,1639,1419,220,1535,41,34.4
23,CÓRDOBA,CORDOBA,2019,2047,1699,348,1921,51,34.7
23,CÓRDOBA,CORDOBA,2020,1648,1375,273,1567,27,31.8
23,CÓRDOBA,CORDOBA,2021,2242,1838,404,2135,44,26.9
23,CÓRDOBA,CORDOBA,2022,1280,1027,253,1240,5,26.9
23,CÓRDOBA,CORDOBA,2023,868,715,153,834,8,21.4
23,CÓRDOBA,CORDOBA,2024,840,658,182,811,11,25.7
23,CÓRDOBA,CORDOBA,2025,985,783,198,934,23,
25,CUNDINAMARCA,CUNDINAMARCA,2010,4202,3467,735,4027,54,
25,CUNDINAMARCA,CUNDINAMARCA,2011,3536,2882,654,3415,32,
25,CUNDINAMARCA,CUNDINAMARCA,2012,3848,2976,869,3667,40,
25,CUNDINAMARCA,CUNDINAMARCA,2013,4188,3263,922,3999,49,
25,CUNDINAMARCA,CUNDINAMARCA,2014,10012,8254,1758,9519,214,
25,CUNDINAMARCA,CUNDINAMARCA,2015,17331,14092,3237,16428,377,
25,CUNDINAMARCA,CUNDINAMARCA,2016,29977,23624,6350,28670,699,
25,CUNDINAMARCA,CUNDINAMARCA,2017,37855,29615,8199,35118,1708,
25,CUNDINAMARCA,CUNDINAMARCA,2018,39429,30139,9225,36083,2116,10.5
25,CUNDINAMARCA,CUNDINAMARCA,2019,43462,32737,10694,39284,2762,12.3
25,CUNDINAMARCA,CUNDINAMARCA,2020,46971,34552,12413,44715,1449,11.4
25,CUNDINAMARCA,CUNDINAMARCA,2021,46624,34048,12529,44875,1043,9.4
25,CUNDINAMARCA,CUNDINAMARCA,2022,43974,29969,13963,41677,1423,7.3
25,CUNDINAMARCA,CUNDINAMARCA,2023,46283,28811,17299,42685,2352,7.6
25,CUNDINAMARCA,CUNDINAMARCA,2024,54635,38798,14882,47820,4348,7.4
25,CUNDINAMARCA,CUNDINAMARCA,2025,52358,37622,14187,45486,4585,
94,GUAINÍA,GUAINIA,2010,19,9,9,19,0,
94,GUAINÍA,GUAINIA,2011,42,20,22,41,0,
94,GUAINÍA,GUAINIA,2012,57,32,25,53,1,
94,GUAINÍA,GUAINIA,2013,32,23,9,32,0,
94,GUAINÍA,GUAINIA,2014,28,21,7,25,2,
94,GUAINÍA,GUAINIA,2015,21,21,0,21,0,
94,GUAINÍA,GUAINIA,2016,38,35,3,37,0,
94,GUAINÍA,GUAINIA,2017,36,33,3,36,0,
94,GUAINÍA,GUAINIA,2018,65,61,4,60,1,60.6
94,GUAINÍA,GUAINIA,2019,89,72,17,80,1,67.0
94,GUAINÍA,GUAINIA,2020,83,65,18,79,2,65.9
94,GUAINÍA,GUAINIA,2021,86,72,14,84,0,57.3
94,GUAINÍA,GUAINIA,2022,61,51,10,56,4,46.5
94,GUAINÍA,GUAINIA,2023,101,92,8,94,3,52.1
94,GUAINÍA,GUAINIA,2024,92,71,21,83,7,49.0
94,GUAINÍA,GUAINIA,2025,76,59,16,66,4,
44,LA GUAJIRA,LA GUAJIRA,2010,209,177,30,200,3,
44,LA GUAJIRA,LA GUAJIRA,2011,283,240,42,281,0,
44,LA GUAJIRA,LA GUAJIRA,2012,378,336,42,367,2,
44,LA GUAJIRA,LA GUAJIRA,2013,377,320,55,360,4,
44,LA GUAJIRA,LA GUAJIRA,2014,446,403,43,430,7,
44,LA GUAJIRA,LA GUAJIRA,2015,580,515,65,562,4,
44,LA GUAJIRA,LA GUAJIRA,2016,618,557,61,606,1,
44,LA GUAJIRA,LA GUAJIRA,2017,636,552,84,620,9,
44,LA GUAJIRA,LA GUAJIRA,2018,473,404,69,465,4,53.3
44,LA GUAJIRA,LA GUAJIRA,2019,342,279,63,333,4,48.8
44,LA GUAJIRA,LA GUAJIRA,2020,563,484,79,532,20,51.7
44,LA GUAJIRA,LA GUAJIRA,2021,602,501,98,587,7,48.7
44,LA GUAJIRA,LA GUAJIRA,2022,401,338,56,372,18,42.9
44,LA GUAJIRA,LA GUAJIRA,2023,414,358,55,389,18,42.6
44,LA GUAJIRA,LA GUAJIRA,2024,429,357,69,414,5,39.3
44,LA GUAJIRA,LA GUAJIRA,2025,426,352,68,405,9,
95,GUAVIARE,GUAVIARE,2010,6,5,0,6,0,
95,GUAVIARE,GUAVIARE,2011,8,7,1,8,0,
95,GUAVIARE,GUAVIARE,2012,24,15,9,20,1,
95,GUAVIARE,GUAVIARE,2013,18,11,7,18,0,
95,GUAVIARE,GUAVIARE,2014,51,45,6,51,0,
95,GUAVIARE,GUAVIARE,2015,79,63,16,75,0,
95,GUAVIARE,GUAVIARE,2016,119,87,32,115,0,
95,GUAVIARE,GUAVIARE,2017,83,69,14,81,1,
95,GUAVIARE,GUAVIARE,2018,155,129,26,137,8,31.4
95,GUAVIARE,GUAVIARE,2019,149,134,15,141,1,30.9
95,GUAVIARE,GUAVIARE,2020,181,159,22,169,8,34.6
95,GUAVIARE,GUAVIARE,2021,218,184,34,192,14,31.0
95,GUAVIARE,GUAVIARE,2022,193,156,37,182,3,26.9
95,GUAVIARE,GUAVIARE,2023,265,218,47,239,19,30.6
95,GUAVIARE,GUAVIARE,2024,320,230,90,298,14,21.3
95,GUAVIARE,GUAVIARE,2025,195,143,52,178,11,
41,HUILA,HUILA,2010,938,812,126,884,19,
41,HUILA,HUILA,2011,1055,923,130,1007,12,
41,HUILA,HUILA,2012,1179,1019,159,1100,22,
41,HUILA,HUILA,2013,1515,1325,189,1417,19,
41,HUILA,HUILA,2014,1860,1567,293,1768,22,
41,HUILA,HUILA,2015,1904,1600,304,1804,25,
41,HUILA,HUILA,2016,2295,2029,266,2173,22,
41,HUILA,HUILA,2017,2676,2317,359,2523,45,
41,HUILA,HUILA,2018,2053,1769,284,1916,35,18.0
41,HUILA,HUILA,2019,2347,1970,376,2188,51,18.3
41,HUILA,HUILA,2020,3031,2503,528,2854,93,23.4
41,HUILA,HUILA,2021,3197,2561,635,3037,67,17.5
41,HUILA,HUILA,2022,2057,1718,338,1974,27,13.3
41,HUILA,HUILA,2023,1842,1530,312,1765,34,11.9
41,HUILA,HUILA,2024,2108,1703,400,1985,49,10.9
41,HUILA,HUILA,2025,2303,1842,459,2163,64,
47,MAGDALENA,MAGDALENA,2010,397,323,74,379,6,
47,MAGDALENA,MAGDALENA,2011,366,285,80,352,4,
47,MAGDALENA,MAGDALENA,2012,700,570,130,666,10,
47,MAGDALENA,MAGDALENA,2013,753,643,109,711,9,
47,MAGDALENA,MAGDALENA,2014,931,770,161,889,11,
47,MAGDALENA,MAGDALENA,2015,1204,1012,192,1149,13,
47,MAGDALENA,MAGDALENA,2016,1546,1324,222,1454,26,
47,MAGDALENA,MAGDALENA,2017,1723,1474,249,1615,29,
47,MAGDALENA,MAGDALENA,2018,1289,1093,194,1230,12,36.4
47,MAGDALENA,MAGDALENA,2019,1612,1359,253,1528,26,31.6
47,MAGDALENA,MAGDALENA,2020,1577,1298,279,1497,33,33.4
47,MAGDALENA,MAGDALENA,2021,1972,1645,326,1918,10,32.4
47,MAGDALENA,MAGDALENA,2022,2100,1752,344,2021,24,23.0
47,MAGDALENA,MAGDALENA,2023,2110,1773,333,2034,32,21.4
47,MAGDALENA,MAGDALENA,2024,2091,1627,459,1997,43,19.2
47,MAGDALENA,MAGDALENA,2025,1839,1438,395,1750,40,
50,META,META,2010,1127,985,141,1094,11,
50,META,META,2011,1158,1013,145,1101,24,
50,META,META,2012,1721,1422,299,1616,41,
50,META,META,2013,1307,1085,221,1222,45,
50,META,META,2014,1675,1408,267,1606,14,
50,META,META,2015,2009,1711,298,1956,15,
50,META,META,2016,2493,2156,337,2396,24,
50,META,META,2017,2833,2406,427,2716,28,
50,META,META,2018,2434,2044,388,2348,34,15.6
50,META,META,2019,3005,2498,503,2844,67,19.1
50,META,META,2020,3113,2575,537,2976,44,14.1
50,META,META,2021,3519,2917,601,3343,82,14.9
50,META,META,2022,2524,2072,449,2397,70,11.3
50,META,META,2023,2033,1676,355,1952,49,12.9
50,META,META,2024,2278,1854,422,2180,38,10.4
50,META,META,2025,2410,1979,427,2302,52,
52,NARIÑO,NARINO,2010,315,253,62,298,1,
52,NARIÑO,NARINO,2011,1189,983,204,1147,15,
52,NARIÑO,NARINO,2012,1360,1178,181,1342,2,
52,NARIÑO,NARINO,2013,1021,862,158,1010,3,
52,NARIÑO,NARINO,2014,906,782,124,885,4,
52,NARIÑO,NARINO,2015,1612,1386,224,1559,6,
52,NARIÑO,NARINO,2016,2020,1691,329,1954,28,
52,NARIÑO,NARINO,2017,2904,2386,516,2813,29,
52,NARIÑO,NARINO,2018,2711,2120,589,2514,118,33.1
52,NARIÑO,NARINO,2019,3292,2503,789,3058,118,23.2
52,NARIÑO,NARINO,2020,2235,1790,445,2128,53,27.3
52,NARIÑO,NARINO,2021,2643,2058,585,2540,57,22.1
52,NARIÑO,NARINO,2022,3313,2511,797,3100,109,17.6
52,NARIÑO,NARINO,2023,3148,2417,727,3006,82,16.6
52,NARIÑO,NARINO,2024,3339,2536,797,3148,119,18.1
52,NARIÑO,NARINO,2025,2832,2130,695,2609,114,
54,NORTE DE SANTANDER,NORTE DE SANTANDER,2010,198,154,44,192,0,
54,NORTE DE SANTANDER,NORTE DE SANTANDER,2011,315,254,61,310,1,
54,NORTE DE SANTANDER,NORTE DE SANTANDER,2012,1058,826,232,1012,9,
54,NORTE DE SANTANDER,NORTE DE SANTANDER,2013,1665,1324,340,1591,18,
54,NORTE DE SANTANDER,NORTE DE SANTANDER,2014,2620,2211,409,2504,33,
54,NORTE DE SANTANDER,NORTE DE SANTANDER,2015,2993,2524,469,2889,20,
54,NORTE DE SANTANDER,NORTE DE SANTANDER,2016,2137,1767,370,2039,22,
54,NORTE DE SANTANDER,NORTE DE SANTANDER,2017,2004,1726,278,1921,24,
54,NORTE DE SANTANDER,NORTE DE SANTANDER,2018,2037,1654,383,1972,17,29.5
54,NORTE DE SANTANDER,NORTE DE SANTANDER,2019,2648,2135,512,2508,49,24.2
54,NORTE DE SANTANDER,NORTE DE SANTANDER,2020,2660,2069,591,2539,55,26.1
54,NORTE DE SANTANDER,NORTE DE SANTANDER,2021,2904,2321,581,2771,64,24.7
54,NORTE DE SANTANDER,NORTE DE SANTANDER,2022,1375,1113,262,1310,35,18.5
54,NORTE DE SANTANDER,NORTE DE SANTANDER,2023,1536,1244,284,1442,40,20.5
54,NORTE DE SANTANDER,NORTE DE SANTANDER,2024,1668,1328,329,1558,52,15.2
54,NORTE DE SANTANDER,NORTE DE SANTANDER,2025,2137,1599,531,1979,93,
86,PUTUMAYO,PUTUMAYO,2010,187,154,33,179,1,
86,PUTUMAYO,PUTUMAYO,2011,213,171,42,205,2,
86,PUTUMAYO,PUTUMAYO,2012,173,133,40,160,3,
86,PUTUMAYO,PUTUMAYO,2013,150,124,26,141,2,
86,PUTUMAYO,PUTUMAYO,2014,190,153,37,179,1,
86,PUTUMAYO,PUTUMAYO,2015,250,216,34,240,2,
86,PUTUMAYO,PUTUMAYO,2016,303,266,37,291,2,
86,PUTUMAYO,PUTUMAYO,2017,361,306,55,333,6,
86,PUTUMAYO,PUTUMAYO,2018,358,302,56,343,6,24.1
86,PUTUMAYO,PUTUMAYO,2019,461,370,88,426,14,25.4
86,PUTUMAYO,PUTUMAYO,2020,519,430,89,493,12,27.8
86,PUTUMAYO,PUTUMAYO,2021,542,358,184,510,13,22.8
86,PUTUMAYO,PUTUMAYO,2022,450,323,127,422,10,20.8
86,PUTUMAYO,PUTUMAYO,2023,580,465,111,533,27,13.2
86,PUTUMAYO,PUTUMAYO,2024,547,461,83,522,8,11.8
86,PUTUMAYO,PUTUMAYO,2025,459,374,80,427,14,
63,QUINDÍO,QUINDIO,2010,89,70,18,74,2,
63,QUINDÍO,QUINDIO,2011,95,75,20,77,0,
63,QUINDÍO,QUINDIO,2012,374,291,83,316,11,
63,QUINDÍO,QUINDIO,2013,378,303,75,336,10,
63,QUINDÍO,QUINDIO,2014,241,177,64,218,10,
63,QUINDÍO,QUINDIO,2015,439,361,78,391,7,
63,QUINDÍO,QUINDIO,2016,643,529,114,581,13,
63,QUINDÍO,QUINDIO,2017,642,521,121,577,14,
63,QUINDÍO,QUINDIO,2018,593,478,115,527,16,14.2
63,QUINDÍO,QUINDIO,2019,672,543,129,618,20,10.2
63,QUINDÍO,QUINDIO,2020,810,655,155,731,32,12.9
63,QUINDÍO,QUINDIO,2021,787,625,162,710,35,10.9
63,QUINDÍO,QUINDIO,2022,673,531,142,610,27,10.0
63,QUINDÍO,QUINDIO,2023,1033,775,255,971,33,7.5
63,QUINDÍO,QUINDIO,2024,809,631,178,741,27,7.4
63,QUINDÍO,QUINDIO,2025,883,654,229,814,25,
66,RISARALDA,RISARALDA,2010,984,791,192,929,11,
66,RISARALDA,RISARALDA,2011,1582,1257,323,1440,30,
66,RISARALDA,RISARALDA,2012,1919,1570,348,1797,19,
66,RISARALDA,RISARALDA,2013,1731,1379,352,1604,12,
66,RISARALDA,RISARALDA,2014,2057,1653,404,1923,29,
66,RISARALDA,RISARALDA,2015,1737,1449,287,1621,20,
66,RISARALDA,RISARALDA,2016,2060,1689,370,1899,45,
66,RISARALDA,RISARALDA,2017,1885,1514,371,1681,86,
66,RISARALDA,RISARALDA,2018,1484,1209,275,1370,39,11.6
66,RISARALDA,RISARALDA,2019,1987,1601,386,1808,75,11.1
66,RISARALDA,RISARALDA,2020,1850,1412,438,1725,49,13.1
66,RISARALDA,RISARALDA,2021,2464,1864,600,2367,39,10.7
66,RISARALDA,RISARALDA,2022,1467,1144,323,1364,36,10.0
66,RISARALDA,RISARALDA,2023,1861,1255,594,1791,24,11.8
66,RISARALDA,RISARALDA,2024,1753,1374,370,1669,31,9.5
66,RISARALDA,RISARALDA,2025,1536,1178,347,1475,25,
88,SAN ANDRES Y PROVIDENCIA,"SAN ANDRES, PROVIDENCIA Y SANTA CATALINA",2010,2,2,0,2,0,
88,SAN ANDRES Y PROVIDENCIA,"SAN ANDRES, PROVIDENCIA Y SANTA CATALINA",2011,3,3,0,3,0,
88,SAN ANDRES Y PROVIDENCIA,"SAN ANDRES, PROVIDENCIA Y SANTA CATALINA",2012,27,23,4,26,0,
88,SAN ANDRES Y PROVIDENCIA,"SAN ANDRES, PROVIDENCIA Y SANTA CATALINA",2013,46,42,4,46,0,
88,SAN ANDRES Y PROVIDENCIA,"SAN ANDRES, PROVIDENCIA Y SANTA CATALINA",2014,140,116,24,139,0,
88,SAN ANDRES Y PROVIDENCIA,"SAN ANDRES, PROVIDENCIA Y SANTA CATALINA",2015,162,142,20,156,2,
88,SAN ANDRES Y PROVIDENCIA,"SAN ANDRES, PROVIDENCIA Y SANTA CATALINA",2016,212,183,29,210,0,
88,SAN ANDRES Y PROVIDENCIA,"SAN ANDRES, PROVIDENCIA Y SANTA CATALINA",2017,159,141,18,153,1,
88,SAN ANDRES Y PROVIDENCIA,"SAN ANDRES, PROVIDENCIA Y SANTA CATALINA",2018,118,109,9,117,0,8.5
88,SAN ANDRES Y PROVIDENCIA,"SAN ANDRES, PROVIDENCIA Y SANTA CATALINA",2019,154,127,27,139,6,8.2
88,SAN ANDRES Y PROVIDENCIA,"SAN ANDRES, PROVIDENCIA Y SANTA CATALINA",2020,161,137,24,152,5,11.9
88,SAN ANDRES Y PROVIDENCIA,"SAN ANDRES, PROVIDENCIA Y SANTA CATALINA",2021,209,176,33,202,4,7.0
88,SAN ANDRES Y PROVIDENCIA,"SAN ANDRES, PROVIDENCIA Y SANTA CATALINA",2022,210,178,32,199,3,8.8
88,SAN ANDRES Y PROVIDENCIA,"SAN ANDRES, PROVIDENCIA Y SANTA CATALINA",2023,211,171,40,200,6,5.0
88,SAN ANDRES Y PROVIDENCIA,"SAN ANDRES, PROVIDENCIA Y SANTA CATALINA",2024,225,191,34,214,8,6.0
88,SAN ANDRES Y PROVIDENCIA,"SAN ANDRES, PROVIDENCIA Y SANTA CATALINA",2025,172,139,33,162,3,
68,SANTANDER,SANTANDER,2010,2653,2262,390,2510,45,
68,SANTANDER,SANTANDER,2011,3655,3111,542,3437,77,
68,SANTANDER,SANTANDER,2012,3796,3251,543,3586,49,
68,SANTANDER,SANTANDER,2013,3809,3204,600,3593,56,
68,SANTANDER,SANTANDER,2014,4867,4194,673,4703,30,
68,SANTANDER,SANTANDER,2015,6210,5285,925,6005,56,
68,SANTANDER,SANTANDER,2016,6698,5545,1153,6438,78,
68,SANTANDER,SANTANDER,2017,5334,4438,896,5053,107,
68,SANTANDER,SANTANDER,2018,5075,4114,961,4735,155,12.6
68,SANTANDER,SANTANDER,2019,5225,4263,961,4928,128,12.4
68,SANTANDER,SANTANDER,2020,5914,4712,1202,5567,176,12.5
68,SANTANDER,SANTANDER,2021,6535,5166,1364,6106,220,13.3
68,SANTANDER,SANTANDER,2022,4252,3214,1036,3915,184,10.4
68,SANTANDER,SANTANDER,2023,4800,3406,1385,4587,91,9.8
68,SANTANDER,SANTANDER,2024,6153,4458,1692,5816,159,6.8
68,SANTANDER,SANTANDER,2025,4897,3574,1307,4691,102,
70,SUCRE,SUCRE,2010,853,709,144,818,7,
70,SUCRE,SUCRE,2011,861,713,145,817,5,
70,SUCRE,SUCRE,2012,760,627,132,720,11,
70,SUCRE,SUCRE,2013,789,574,215,734,21,
70,SUCRE,SUCRE,2014,593,483,110,573,7,
70,SUCRE,SUCRE,2015,1052,910,141,1002,16,
70,SUCRE,SUCRE,2016,1547,1323,224,1463,34,
70,SUCRE,SUCRE,2017,1235,1039,196,1183,10,
70,SUCRE,SUCRE,2018,1238,1017,221,1184,17,41.7
70,SUCRE,SUCRE,2019,1188,1006,182,1120,17,33.3
70,SUCRE,SUCRE,2020,1189,954,235,1137,24,38.1
70,SUCRE,SUCRE,2021,1537,1242,294,1460,45,30.3
70,SUCRE,SUCRE,2022,1038,846,188,983,12,26.0
70,SUCRE,SUCRE,2023,1112,921,190,1059,23,23.1
70,SUCRE,SUCRE,2024,1245,1004,241,1168,32,21.8
70,SUCRE,SUCRE,2025,1034,800,231,960,31,
73,TOLIMA,TOLIMA,2010,307,260,47,290,5,
73,TOLIMA,TOLIMA,2011,338,271,67,324,5,
73,TOLIMA,TOLIMA,2012,360,286,72,348,3,
73,TOLIMA,TOLIMA,2013,750,598,151,702,12,
73,TOLIMA,TOLIMA,2014,1418,1201,217,1381,13,
73,TOLIMA,TOLIMA,2015,2853,2390,462,2753,22,
73,TOLIMA,TOLIMA,2016,3372,2705,667,3207,66,
73,TOLIMA,TOLIMA,2017,2383,1966,417,2237,70,
73,TOLIMA,TOLIMA,2018,2437,1875,558,2285,90,22.2
73,TOLIMA,TOLIMA,2019,3196,2534,662,2969,138,15.2
73,TOLIMA,TOLIMA,2020,3161,2391,770,2964,108,19.0
73,TOLIMA,TOLIMA,2021,3502,2587,914,3320,106,16.6
73,TOLIMA,TOLIMA,2022,3164,2412,751,2973,97,10.5
73,TOLIMA,TOLIMA,2023,3370,2452,915,3226,63,12.9
73,TOLIMA,TOLIMA,2024,4004,2979,1022,3786,113,12.6
73,TOLIMA,TOLIMA,2025,3142,2293,844,2953,112,
76,VALLE DEL CAUCA,VALLE DEL CAUCA,2010,4410,3626,782,4208,42,
76,VALLE DEL CAUCA,VALLE DEL CAUCA,2011,5585,4646,936,5363,44,
76,VALLE DEL CAUCA,VALLE DEL CAUCA,2012,5925,4869,1054,5652,76,
76,VALLE DEL CAUCA,VALLE DEL CAUCA,2013,5380,4420,957,5145,51,
76,VALLE DEL CAUCA,VALLE DEL CAUCA,2014,5926,4969,957,5685,80,
76,VALLE DEL CAUCA,VALLE DEL CAUCA,2015,7238,5937,1301,6915,100,
76,VALLE DEL CAUCA,VALLE DEL CAUCA,2016,7631,6315,1316,7259,118,
76,VALLE DEL CAUCA,VALLE DEL CAUCA,2017,7271,5891,1378,6828,196,
76,VALLE DEL CAUCA,VALLE DEL CAUCA,2018,7533,6136,1397,7047,215,14.1
76,VALLE DEL CAUCA,VALLE DEL CAUCA,2019,9661,7680,1981,8812,523,10.8
76,VALLE DEL CAUCA,VALLE DEL CAUCA,2020,8452,6537,1915,7715,468,11.1
76,VALLE DEL CAUCA,VALLE DEL CAUCA,2021,9880,7714,2159,9301,340,8.6
76,VALLE DEL CAUCA,VALLE DEL CAUCA,2022,9044,7015,2021,8530,243,9.7
76,VALLE DEL CAUCA,VALLE DEL CAUCA,2023,9316,7003,2259,8777,258,7.2
76,VALLE DEL CAUCA,VALLE DEL CAUCA,2024,11572,8432,3038,10764,397,6.2
76,VALLE DEL CAUCA,VALLE DEL CAUCA,2025,8896,6522,2289,8345,293,
97,VAUPÉS,VAUPES,2010,3,3,0,3,0,
97,VAUPÉS,VAUPES,2012,1,1,0,1,0,
97,VAUPÉS,VAUPES,2013,4,3,1,4,0,
97,VAUPÉS,VAUPES,2014,2,1,1,2,0,
97,VAUPÉS,VAUPES,2015,14,12,2,14,0,
97,VAUPÉS,VAUPES,2016,39,32,7,38,0,
97,VAUPÉS,VAUPES,2017,66,52,14,65,1,
97,VAUPÉS,VAUPES,2018,76,64,12,73,0,68.5
97,VAUPÉS,VAUPES,2019,91,76,15,88,0,66.5
97,VAUPÉS,VAUPES,2020,68,53,15,65,2,65.6
97,VAUPÉS,VAUPES,2021,104,84,20,103,0,52.7
97,VAUPÉS,VAUPES,2022,94,75,19,89,4,47.1
97,VAUPÉS,VAUPES,2023,77,63,14,75,0,55.7
97,VAUPÉS,VAUPES,2024,104,78,26,96,2,37.4
97,VAUPÉS,VAUPES,2025,80,55,25,80,0,
99,VICHADA,VICHADA,2010,21,17,2,21,0,
99,VICHADA,VICHADA,2011,13,10,3,13,0,
99,VICHADA,VICHADA,2012,36,32,4,33,1,
99,VICHADA,VICHADA,2013,40,35,5,39,0,
99,VICHADA,VICHADA,2014,25,20,5,23,1,
99,VICHADA,VICHADA,2015,21,19,2,20,0,
99,VICHADA,VICHADA,2016,42,39,3,42,0,
99,VICHADA,VICHADA,2017,63,52,11,63,0,
99,VICHADA,VICHADA,2018,46,38,8,45,1,63.5
99,VICHADA,VICHADA,2019,58,50,8,57,0,72.2
99,VICHADA,VICHADA,2020,52,47,5,48,0,75.6
99,VICHADA,VICHADA,2021,54,42,11,50,1,64.8
99,VICHADA,VICHADA,2022,56,40,13,52,1,75.4
99,VICHADA,VICHADA,2023,98,73,22,87,4,65.4
99,VICHADA,VICHADA,2024,69,62,6,66,0,70.2
99,VICHADA,VICHADA,2025,67,48,11,58,2,
